branch,quantity,q2.5,q16,q50,q84,q97.5
constant,mean_f_HZ,0.06476860973390386,0.16013521925624938,0.3889780325908655,0.9053736745519254,1.997303847309144
constant,mean_f_EE,0.0024870962360740217,0.0057895835688332176,0.012272884618099934,0.023503693048643533,0.041248479209168805
constant,Lambda_HZ,17038159.519422445,42125489.82562843,102325336.24023497,238169402.6639961,525414729.4348326
constant,Lambda_EE,654260.4910693702,1523019.3885908162,3228529.4797240803,6182928.32135169,10850907.122860638
constant,Lambda_EE_over_Lambda_HZ,0.019117834979024396,0.024892075885907968,0.031190452504649364,0.03763973496669976,0.04429431826774546
zero,mean_f_HZ,0.09687346639838053,0.25329515734829233,0.6588092255216309,1.6246671810938609,3.7680725874596965
zero,mean_f_EE,0.0033656195430392605,0.007977301039296612,0.017394382037448662,0.033949586267754996,0.06043795406622864
zero,Lambda_HZ,25483727.07822723,66632328.748880334,173307667.45528746,427388185.59135264,991236682.2395207
zero,Lambda_EE,885366.582540234,2098524.705106369,4575800.794758905,8930845.803621028,15898928.611229628
zero,Lambda_EE_over_Lambda_HZ,0.014936058416346381,0.02003536124129695,0.026056841446291425,0.032702772562515504,0.039904441183225205
